,$,TK_MAIN,TK_END,TK_FUNID,TK_SEM,TK_INPUT,TK_PARAMETER,TK_LIST,TK_SQL,TK_SQR,TK_OUTPUT,TK_ID,TK_INT,TK_REAL,TK_RECORD,TK_RUID,TK_UNION,TK_COMMA,TK_ENDRECORD,TK_ENDUNION,TK_TYPE,TK_COLON,TK_FIELDID,TK_GLOBAL,TK_ASSIGNOP,TK_DOT,TK_CALL,TK_WITH,TK_PARAMETERS,TK_WHILE,TK_OP,TK_CL,TK_ENDWHILE,TK_IF,TK_THEN,TK_ELSE,TK_ENDIF,TK_READ,TK_WRITE,TK_MUL,TK_DIV,TK_PLUS,TK_MINUS,TK_NOT,TK_NUM,TK_RNUM,TK_AND,TK_OR,TK_LT,TK_LE,TK_EQ,TK_GT,TK_GE,TK_NE,TK_RETURN,TK_DEFINETYPE,TK_AS
<program>,TK_SYN,<program> -> <otherFunctions> <mainFunction> ,TK_ERROR,<program> -> <otherFunctions> <mainFunction> ,TK_ERROR,TK_ERROR,TK_ERROR,TK_ERROR,TK_ERROR,TK_ERROR,TK_ERROR,TK_ERROR,TK_ERROR,TK_ERROR,TK_ERROR,TK_ERROR,TK_ERROR,TK_ERROR,TK_ERROR,TK_ERROR,TK_ERROR,TK_ERROR,TK_ERROR,TK_ERROR,TK_ERROR,TK_ERROR,TK_ERROR,TK_ERROR,TK_ERROR,TK_ERROR,TK_ERROR,TK_ERROR,TK_ERROR,TK_ERROR,TK_ERROR,TK_ERROR,TK_ERROR,TK_ERROR,TK_ERROR,TK_ERROR,TK_ERROR,TK_ERROR,TK_ERROR,TK_ERROR,TK_ERROR,TK_ERROR,TK_ERROR,TK_ERROR,TK_ERROR,TK_ERROR,TK_ERROR,TK_ERROR,TK_ERROR,TK_ERROR,TK_ERROR,TK_ERROR,TK_ERROR
<otherFunctions>,TK_ERROR,<otherFunctions> -> epsilon ,TK_ERROR,<otherFunctions> -> <function> <otherFunctions> ,TK_ERROR,TK_ERROR,TK_ERROR,TK_ERROR,TK_ERROR,TK_ERROR,TK_ERROR,TK_ERROR,TK_ERROR,TK_ERROR,TK_ERROR,TK_ERROR,TK_ERROR,TK_ERROR,TK_ERROR,TK_ERROR,TK_ERROR,TK_ERROR,TK_ERROR,TK_ERROR,TK_ERROR,TK_ERROR,TK_ERROR,TK_ERROR,TK_ERROR,TK_ERROR,TK_ERROR,TK_ERROR,TK_ERROR,TK_ERROR,TK_ERROR,TK_ERROR,TK_ERROR,TK_ERROR,TK_ERROR,TK_ERROR,TK_ERROR,TK_ERROR,TK_ERROR,TK_ERROR,TK_ERROR,TK_ERROR,TK_ERROR,TK_ERROR,TK_ERROR,TK_ERROR,TK_ERROR,TK_ERROR,TK_ERROR,TK_ERROR,TK_ERROR,TK_ERROR,TK_ERROR
<mainFunction>,TK_SYN,<mainFunction> -> TK_MAIN <stmts> TK_END ,TK_ERROR,TK_ERROR,TK_ERROR,TK_ERROR,TK_ERROR,TK_ERROR,TK_ERROR,TK_ERROR,TK_ERROR,TK_ERROR,TK_ERROR,TK_ERROR,TK_ERROR,TK_ERROR,TK_ERROR,TK_ERROR,TK_ERROR,TK_ERROR,TK_ERROR,TK_ERROR,TK_ERROR,TK_ERROR,TK_ERROR,TK_ERROR,TK_ERROR,TK_ERROR,TK_ERROR,TK_ERROR,TK_ERROR,TK_ERROR,TK_ERROR,TK_ERROR,TK_ERROR,TK_ERROR,TK_ERROR,TK_ERROR,TK_ERROR,TK_ERROR,TK_ERROR,TK_ERROR,TK_ERROR,TK_ERROR,TK_ERROR,TK_ERROR,TK_ERROR,TK_ERROR,TK_ERROR,TK_ERROR,TK_ERROR,TK_ERROR,TK_ERROR,TK_ERROR,TK_ERROR,TK_ERROR,TK_ERROR
<stmts>,TK_ERROR,TK_ERROR,TK_SYN,TK_ERROR,TK_ERROR,TK_ERROR,TK_ERROR,TK_ERROR,<stmts> -> <typeDefinitions> <declarations> <otherStmts> <returnStmt> ,TK_ERROR,TK_ERROR,<stmts> -> <typeDefinitions> <declarations> <otherStmts> <returnStmt> ,TK_ERROR,TK_ERROR,<stmts> -> <typeDefinitions> <declarations> <otherStmts> <returnStmt> ,TK_ERROR,<stmts> -> <typeDefinitions> <declarations> <otherStmts> <returnStmt> ,TK_ERROR,TK_ERROR,TK_ERROR,<stmts> -> <typeDefinitions> <declarations> <otherStmts> <returnStmt> ,TK_ERROR,TK_ERROR,TK_ERROR,TK_ERROR,TK_ERROR,<stmts> -> <typeDefinitions> <declarations> <otherStmts> <returnStmt> ,TK_ERROR,TK_ERROR,<stmts> -> <typeDefinitions> <declarations> <otherStmts> <returnStmt> ,TK_ERROR,TK_ERROR,TK_ERROR,<stmts> -> <typeDefinitions> <declarations> <otherStmts> <returnStmt> ,TK_ERROR,TK_ERROR,TK_ERROR,<stmts> -> <typeDefinitions> <declarations> <otherStmts> <returnStmt> ,<stmts> -> <typeDefinitions> <declarations> <otherStmts> <returnStmt> ,TK_ERROR,TK_ERROR,TK_ERROR,TK_ERROR,TK_ERROR,TK_ERROR,TK_ERROR,TK_ERROR,TK_ERROR,TK_ERROR,TK_ERROR,TK_ERROR,TK_ERROR,TK_ERROR,TK_ERROR,<stmts> -> <typeDefinitions> <declarations> <otherStmts> <returnStmt> ,<stmts> -> <typeDefinitions> <declarations> <otherStmts> <returnStmt> ,TK_ERROR
<function>,TK_ERROR,TK_SYN,TK_ERROR,<function> -> TK_FUNID <input_par> <output_par> TK_SEM <stmts> TK_END ,TK_ERROR,TK_ERROR,TK_ERROR,TK_ERROR,TK_ERROR,TK_ERROR,TK_ERROR,TK_ERROR,TK_ERROR,TK_ERROR,TK_ERROR,TK_ERROR,TK_ERROR,TK_ERROR,TK_ERROR,TK_ERROR,TK_ERROR,TK_ERROR,TK_ERROR,TK_ERROR,TK_ERROR,TK_ERROR,TK_ERROR,TK_ERROR,TK_ERROR,TK_ERROR,TK_ERROR,TK_ERROR,TK_ERROR,TK_ERROR,TK_ERROR,TK_ERROR,TK_ERROR,TK_ERROR,TK_ERROR,TK_ERROR,TK_ERROR,TK_ERROR,TK_ERROR,TK_ERROR,TK_ERROR,TK_ERROR,TK_ERROR,TK_ERROR,TK_ERROR,TK_ERROR,TK_ERROR,TK_ERROR,TK_ERROR,TK_ERROR,TK_ERROR,TK_ERROR,TK_ERROR
<input_par>,TK_ERROR,TK_ERROR,TK_ERROR,TK_ERROR,TK_SYN,<input_par> -> TK_INPUT TK_PARAMETER TK_LIST TK_SQL <parameter_list> TK_SQR ,TK_ERROR,TK_ERROR,TK_ERROR,TK_ERROR,TK_SYN,TK_ERROR,TK_ERROR,TK_ERROR,TK_ERROR,TK_ERROR,TK_ERROR,TK_ERROR,TK_ERROR,TK_ERROR,TK_ERROR,TK_ERROR,TK_ERROR,TK_ERROR,TK_ERROR,TK_ERROR,TK_ERROR,TK_ERROR,TK_ERROR,TK_ERROR,TK_ERROR,TK_ERROR,TK_ERROR,TK_ERROR,TK_ERROR,TK_ERROR,TK_ERROR,TK_ERROR,TK_ERROR,TK_ERROR,TK_ERROR,TK_ERROR,TK_ERROR,TK_ERROR,TK_ERROR,TK_ERROR,TK_ERROR,TK_ERROR,TK_ERROR,TK_ERROR,TK_ERROR,TK_ERROR,TK_ERROR,TK_ERROR,TK_ERROR,TK_ERROR,TK_ERROR
<output_par>,TK_ERROR,TK_ERROR,TK_ERROR,TK_ERROR,<output_par> -> epsilon ,TK_ERROR,TK_ERROR,TK_ERROR,TK_ERROR,TK_ERROR,<output_par> -> TK_OUTPUT TK_PARAMETER TK_LIST TK_SQL <parameter_list> TK_SQR ,TK_ERROR,TK_ERROR,TK_ERROR,TK_ERROR,TK_ERROR,TK_ERROR,TK_ERROR,TK_ERROR,TK_ERROR,TK_ERROR,TK_ERROR,TK_ERROR,TK_ERROR,TK_ERROR,TK_ERROR,TK_ERROR,TK_ERROR,TK_ERROR,TK_ERROR,TK_ERROR,TK_ERROR,TK_ERROR,TK_ERROR,TK_ERROR,TK_ERROR,TK_ERROR,TK_ERROR,TK_ERROR,TK_ERROR,TK_ERROR,TK_ERROR,TK_ERROR,TK_ERROR,TK_ERROR,TK_ERROR,TK_ERROR,TK_ERROR,TK_ERROR,TK_ERROR,TK_ERROR,TK_ERROR,TK_ERROR,TK_ERROR,TK_ERROR,TK_ERROR,TK_ERROR
<parameter_list>,TK_ERROR,TK_ERROR,TK_ERROR,TK_ERROR,TK_ERROR,TK_ERROR,TK_ERROR,TK_ERROR,TK_ERROR,TK_SYN,TK_ERROR,TK_ERROR,<parameter_list> -> <dataType> TK_ID <remaining_list> ,<parameter_list> -> <dataType> TK_ID <remaining_list> ,<parameter_list> -> <dataType> TK_ID <remaining_list> ,<parameter_list> -> <dataType> TK_ID <remaining_list> ,<parameter_list> -> <dataType> TK_ID <remaining_list> ,TK_ERROR,TK_ERROR,TK_ERROR,TK_ERROR,TK_ERROR,TK_ERROR,TK_ERROR,TK_ERROR,TK_ERROR,TK_ERROR,TK_ERROR,TK_ERROR,TK_ERROR,TK_ERROR,TK_ERROR,TK_ERROR,TK_ERROR,TK_ERROR,TK_ERROR,TK_ERROR,TK_ERROR,TK_ERROR,TK_ERROR,TK_ERROR,TK_ERROR,TK_ERROR,TK_ERROR,TK_ERROR,TK_ERROR,TK_ERROR,TK_ERROR,TK_ERROR,TK_ERROR,TK_ERROR,TK_ERROR,TK_ERROR,TK_ERROR,TK_ERROR,TK_ERROR,TK_ERROR
<dataType>,TK_ERROR,TK_ERROR,TK_ERROR,TK_ERROR,TK_ERROR,TK_ERROR,TK_ERROR,TK_ERROR,TK_ERROR,TK_ERROR,TK_ERROR,TK_SYN,<dataType> -> <primitiveDatatype> ,<dataType> -> <primitiveDatatype> ,<dataType> -> <constructedDatatype> ,<dataType> -> <constructedDatatype> ,<dataType> -> <constructedDatatype> ,TK_ERROR,TK_ERROR,TK_ERROR,TK_ERROR,TK_SYN,TK_ERROR,TK_ERROR,TK_ERROR,TK_ERROR,TK_ERROR,TK_ERROR,TK_ERROR,TK_ERROR,TK_ERROR,TK_ERROR,TK_ERROR,TK_ERROR,TK_ERROR,TK_ERROR,TK_ERROR,TK_ERROR,TK_ERROR,TK_ERROR,TK_ERROR,TK_ERROR,TK_ERROR,TK_ERROR,TK_ERROR,TK_ERROR,TK_ERROR,TK_ERROR,TK_ERROR,TK_ERROR,TK_ERROR,TK_ERROR,TK_ERROR,TK_ERROR,TK_ERROR,TK_ERROR,TK_ERROR
<remaining_list>,TK_ERROR,TK_ERROR,TK_ERROR,TK_ERROR,TK_ERROR,TK_ERROR,TK_ERROR,TK_ERROR,TK_ERROR,<remaining_list> -> epsilon ,TK_ERROR,TK_ERROR,TK_ERROR,TK_ERROR,TK_ERROR,TK_ERROR,TK_ERROR,<remaining_list> -> TK_COMMA <parameter_list> ,TK_ERROR,TK_ERROR,TK_ERROR,TK_ERROR,TK_ERROR,TK_ERROR,TK_ERROR,TK_ERROR,TK_ERROR,TK_ERROR,TK_ERROR,TK_ERROR,TK_ERROR,TK_ERROR,TK_ERROR,TK_ERROR,TK_ERROR,TK_ERROR,TK_ERROR,TK_ERROR,TK_ERROR,TK_ERROR,TK_ERROR,TK_ERROR,TK_ERROR,TK_ERROR,TK_ERROR,TK_ERROR,TK_ERROR,TK_ERROR,TK_ERROR,TK_ERROR,TK_ERROR,TK_ERROR,TK_ERROR,TK_ERROR,TK_ERROR,TK_ERROR,TK_ERROR
<primitiveDatatype>,TK_ERROR,TK_ERROR,TK_ERROR,TK_ERROR,TK_ERROR,TK_ERROR,TK_ERROR,TK_ERROR,TK_ERROR,TK_ERROR,TK_ERROR,TK_SYN,<primitiveDatatype> -> TK_INT ,<primitiveDatatype> -> TK_REAL ,TK_ERROR,TK_ERROR,TK_ERROR,TK_ERROR,TK_ERROR,TK_ERROR,TK_ERROR,TK_SYN,TK_ERROR,TK_ERROR,TK_ERROR,TK_ERROR,TK_ERROR,TK_ERROR,TK_ERROR,TK_ERROR,TK_ERROR,TK_ERROR,TK_ERROR,TK_ERROR,TK_ERROR,TK_ERROR,TK_ERROR,TK_ERROR,TK_ERROR,TK_ERROR,TK_ERROR,TK_ERROR,TK_ERROR,TK_ERROR,TK_ERROR,TK_ERROR,TK_ERROR,TK_ERROR,TK_ERROR,TK_ERROR,TK_ERROR,TK_ERROR,TK_ERROR,TK_ERROR,TK_ERROR,TK_ERROR,TK_ERROR
<constructedDatatype>,TK_ERROR,TK_ERROR,TK_ERROR,TK_ERROR,TK_ERROR,TK_ERROR,TK_ERROR,TK_ERROR,TK_ERROR,TK_ERROR,TK_ERROR,TK_SYN,TK_ERROR,TK_ERROR,<constructedDatatype> -> TK_RECORD TK_RUID ,<constructedDatatype> -> TK_RUID ,<constructedDatatype> -> TK_UNION TK_RUID ,TK_ERROR,TK_ERROR,TK_ERROR,TK_ERROR,TK_SYN,TK_ERROR,TK_ERROR,TK_ERROR,TK_ERROR,TK_ERROR,TK_ERROR,TK_ERROR,TK_ERROR,TK_ERROR,TK_ERROR,TK_ERROR,TK_ERROR,TK_ERROR,TK_ERROR,TK_ERROR,TK_ERROR,TK_ERROR,TK_ERROR,TK_ERROR,TK_ERROR,TK_ERROR,TK_ERROR,TK_ERROR,TK_ERROR,TK_ERROR,TK_ERROR,TK_ERROR,TK_ERROR,TK_ERROR,TK_ERROR,TK_ERROR,TK_ERROR,TK_ERROR,TK_ERROR,TK_ERROR
<typeDefinitions>,TK_ERROR,TK_ERROR,TK_ERROR,TK_ERROR,TK_ERROR,TK_ERROR,TK_ERROR,TK_ERROR,<typeDefinitions> -> epsilon ,TK_ERROR,TK_ERROR,<typeDefinitions> -> epsilon ,TK_ERROR,TK_ERROR,<typeDefinitions> -> <actualOrRedefined> <typeDefinitions> ,TK_ERROR,<typeDefinitions> -> <actualOrRedefined> <typeDefinitions> ,TK_ERROR,TK_ERROR,TK_ERROR,<typeDefinitions> -> epsilon ,TK_ERROR,TK_ERROR,TK_ERROR,TK_ERROR,TK_ERROR,<typeDefinitions> -> epsilon ,TK_ERROR,TK_ERROR,<typeDefinitions> -> epsilon ,TK_ERROR,TK_ERROR,TK_ERROR,<typeDefinitions> -> epsilon ,TK_ERROR,TK_ERROR,TK_ERROR,<typeDefinitions> -> epsilon ,<typeDefinitions> -> epsilon ,TK_ERROR,TK_ERROR,TK_ERROR,TK_ERROR,TK_ERROR,TK_ERROR,TK_ERROR,TK_ERROR,TK_ERROR,TK_ERROR,TK_ERROR,TK_ERROR,TK_ERROR,TK_ERROR,TK_ERROR,<typeDefinitions> -> epsilon ,<typeDefinitions> -> <actualOrRedefined> <typeDefinitions> ,TK_ERROR
<declarations>,TK_ERROR,TK_ERROR,TK_ERROR,TK_ERROR,TK_ERROR,TK_ERROR,TK_ERROR,TK_ERROR,<declarations> -> epsilon ,TK_ERROR,TK_ERROR,<declarations> -> epsilon ,TK_ERROR,TK_ERROR,TK_ERROR,TK_ERROR,TK_ERROR,TK_ERROR,TK_ERROR,TK_ERROR,<declarations> -> <declaration> <declarations> ,TK_ERROR,TK_ERROR,TK_ERROR,TK_ERROR,TK_ERROR,<declarations> -> epsilon ,TK_ERROR,TK_ERROR,<declarations> -> epsilon ,TK_ERROR,TK_ERROR,TK_ERROR,<declarations> -> epsilon ,TK_ERROR,TK_ERROR,TK_ERROR,<declarations> -> epsilon ,<declarations> -> epsilon ,TK_ERROR,TK_ERROR,TK_ERROR,TK_ERROR,TK_ERROR,TK_ERROR,TK_ERROR,TK_ERROR,TK_ERROR,TK_ERROR,TK_ERROR,TK_ERROR,TK_ERROR,TK_ERROR,TK_ERROR,<declarations> -> epsilon ,TK_ERROR,TK_ERROR
<otherStmts>,TK_ERROR,TK_ERROR,TK_ERROR,TK_ERROR,TK_ERROR,TK_ERROR,TK_ERROR,TK_ERROR,<otherStmts> -> <stmt> <otherStmts> ,TK_ERROR,TK_ERROR,<otherStmts> -> <stmt> <otherStmts> ,TK_ERROR,TK_ERROR,TK_ERROR,TK_ERROR,TK_ERROR,TK_ERROR,TK_ERROR,TK_ERROR,TK_ERROR,TK_ERROR,TK_ERROR,TK_ERROR,TK_ERROR,TK_ERROR,<otherStmts> -> <stmt> <otherStmts> ,TK_ERROR,TK_ERROR,<otherStmts> -> <stmt> <otherStmts> ,TK_ERROR,TK_ERROR,<otherStmts> -> epsilon ,<otherStmts> -> <stmt> <otherStmts> ,TK_ERROR,<otherStmts> -> epsilon ,<otherStmts> -> epsilon ,<otherStmts> -> <stmt> <otherStmts> ,<otherStmts> -> <stmt> <otherStmts> ,TK_ERROR,TK_ERROR,TK_ERROR,TK_ERROR,TK_ERROR,TK_ERROR,TK_ERROR,TK_ERROR,TK_ERROR,TK_ERROR,TK_ERROR,TK_ERROR,TK_ERROR,TK_ERROR,TK_ERROR,<otherStmts> -> epsilon ,TK_ERROR,TK_ERROR
<returnStmt>,TK_ERROR,TK_ERROR,TK_SYN,TK_ERROR,TK_ERROR,TK_ERROR,TK_ERROR,TK_ERROR,TK_ERROR,TK_ERROR,TK_ERROR,TK_ERROR,TK_ERROR,TK_ERROR,TK_ERROR,TK_ERROR,TK_ERROR,TK_ERROR,TK_ERROR,TK_ERROR,TK_ERROR,TK_ERROR,TK_ERROR,TK_ERROR,TK_ERROR,TK_ERROR,TK_ERROR,TK_ERROR,TK_ERROR,TK_ERROR,TK_ERROR,TK_ERROR,TK_ERROR,TK_ERROR,TK_ERROR,TK_ERROR,TK_ERROR,TK_ERROR,TK_ERROR,TK_ERROR,TK_ERROR,TK_ERROR,TK_ERROR,TK_ERROR,TK_ERROR,TK_ERROR,TK_ERROR,TK_ERROR,TK_ERROR,TK_ERROR,TK_ERROR,TK_ERROR,TK_ERROR,TK_ERROR,<returnStmt> -> TK_RETURN <optionalReturn> TK_SEM ,TK_ERROR,TK_ERROR
<actualOrRedefined>,TK_ERROR,TK_ERROR,TK_ERROR,TK_ERROR,TK_ERROR,TK_ERROR,TK_ERROR,TK_ERROR,TK_SYN,TK_ERROR,TK_ERROR,TK_SYN,TK_ERROR,TK_ERROR,<actualOrRedefined> -> <typeDefinition> ,TK_ERROR,<actualOrRedefined> -> <typeDefinition> ,TK_ERROR,TK_ERROR,TK_ERROR,TK_SYN,TK_ERROR,TK_ERROR,TK_ERROR,TK_ERROR,TK_ERROR,TK_SYN,TK_ERROR,TK_ERROR,TK_SYN,TK_ERROR,TK_ERROR,TK_ERROR,TK_SYN,TK_ERROR,TK_ERROR,TK_ERROR,TK_SYN,TK_SYN,TK_ERROR,TK_ERROR,TK_ERROR,TK_ERROR,TK_ERROR,TK_ERROR,TK_ERROR,TK_ERROR,TK_ERROR,TK_ERROR,TK_ERROR,TK_ERROR,TK_ERROR,TK_ERROR,TK_ERROR,TK_SYN,<actualOrRedefined> -> <definetypestmt> ,TK_ERROR
<typeDefinition>,TK_ERROR,TK_ERROR,TK_ERROR,TK_ERROR,TK_ERROR,TK_ERROR,TK_ERROR,TK_ERROR,TK_SYN,TK_ERROR,TK_ERROR,TK_SYN,TK_ERROR,TK_ERROR,<typeDefinition> -> TK_RECORD TK_RUID <fieldDefinitions> TK_ENDRECORD ,TK_ERROR,<typeDefinition> -> TK_UNION TK_RUID <fieldDefinitions> TK_ENDUNION ,TK_ERROR,TK_ERROR,TK_ERROR,TK_SYN,TK_ERROR,TK_ERROR,TK_ERROR,TK_ERROR,TK_ERROR,TK_SYN,TK_ERROR,TK_ERROR,TK_SYN,TK_ERROR,TK_ERROR,TK_ERROR,TK_SYN,TK_ERROR,TK_ERROR,TK_ERROR,TK_SYN,TK_SYN,TK_ERROR,TK_ERROR,TK_ERROR,TK_ERROR,TK_ERROR,TK_ERROR,TK_ERROR,TK_ERROR,TK_ERROR,TK_ERROR,TK_ERROR,TK_ERROR,TK_ERROR,TK_ERROR,TK_ERROR,TK_SYN,TK_SYN,TK_ERROR
<definetypestmt>,TK_ERROR,TK_ERROR,TK_ERROR,TK_ERROR,TK_ERROR,TK_ERROR,TK_ERROR,TK_ERROR,TK_SYN,TK_ERROR,TK_ERROR,TK_SYN,TK_ERROR,TK_ERROR,TK_SYN,TK_ERROR,TK_SYN,TK_ERROR,TK_ERROR,TK_ERROR,TK_SYN,TK_ERROR,TK_ERROR,TK_ERROR,TK_ERROR,TK_ERROR,TK_SYN,TK_ERROR,TK_ERROR,TK_SYN,TK_ERROR,TK_ERROR,TK_ERROR,TK_SYN,TK_ERROR,TK_ERROR,TK_ERROR,TK_SYN,TK_SYN,TK_ERROR,TK_ERROR,TK_ERROR,TK_ERROR,TK_ERROR,TK_ERROR,TK_ERROR,TK_ERROR,TK_ERROR,TK_ERROR,TK_ERROR,TK_ERROR,TK_ERROR,TK_ERROR,TK_ERROR,TK_SYN,<definetypestmt> -> TK_DEFINETYPE <A> TK_RUID TK_AS TK_RUID ,TK_ERROR
<fieldDefinitions>,TK_ERROR,TK_ERROR,TK_ERROR,TK_ERROR,TK_ERROR,TK_ERROR,TK_ERROR,TK_ERROR,TK_ERROR,TK_ERROR,TK_ERROR,TK_ERROR,TK_ERROR,TK_ERROR,TK_ERROR,TK_ERROR,TK_ERROR,TK_ERROR,TK_SYN,TK_SYN,<fieldDefinitions> -> <fieldDefinition> <fieldDefinition> <moreFields> ,TK_ERROR,TK_ERROR,TK_ERROR,TK_ERROR,TK_ERROR,TK_ERROR,TK_ERROR,TK_ERROR,TK_ERROR,TK_ERROR,TK_ERROR,TK_ERROR,TK_ERROR,TK_ERROR,TK_ERROR,TK_ERROR,TK_ERROR,TK_ERROR,TK_ERROR,TK_ERROR,TK_ERROR,TK_ERROR,TK_ERROR,TK_ERROR,TK_ERROR,TK_ERROR,TK_ERROR,TK_ERROR,TK_ERROR,TK_ERROR,TK_ERROR,TK_ERROR,TK_ERROR,TK_ERROR,TK_ERROR,TK_ERROR
<fieldDefinition>,TK_ERROR,TK_ERROR,TK_ERROR,TK_ERROR,TK_ERROR,TK_ERROR,TK_ERROR,TK_ERROR,TK_ERROR,TK_ERROR,TK_ERROR,TK_ERROR,TK_ERROR,TK_ERROR,TK_ERROR,TK_ERROR,TK_ERROR,TK_ERROR,TK_SYN,TK_SYN,<fieldDefinition> -> TK_TYPE <fieldType> TK_COLON TK_FIELDID TK_SEM ,TK_ERROR,TK_ERROR,TK_ERROR,TK_ERROR,TK_ERROR,TK_ERROR,TK_ERROR,TK_ERROR,TK_ERROR,TK_ERROR,TK_ERROR,TK_ERROR,TK_ERROR,TK_ERROR,TK_ERROR,TK_ERROR,TK_ERROR,TK_ERROR,TK_ERROR,TK_ERROR,TK_ERROR,TK_ERROR,TK_ERROR,TK_ERROR,TK_ERROR,TK_ERROR,TK_ERROR,TK_ERROR,TK_ERROR,TK_ERROR,TK_ERROR,TK_ERROR,TK_ERROR,TK_ERROR,TK_ERROR,TK_ERROR
<moreFields>,TK_ERROR,TK_ERROR,TK_ERROR,TK_ERROR,TK_ERROR,TK_ERROR,TK_ERROR,TK_ERROR,TK_ERROR,TK_ERROR,TK_ERROR,TK_ERROR,TK_ERROR,TK_ERROR,TK_ERROR,TK_ERROR,TK_ERROR,TK_ERROR,<moreFields> -> epsilon ,<moreFields> -> epsilon ,<moreFields> -> <fieldDefinition> <moreFields> ,TK_ERROR,TK_ERROR,TK_ERROR,TK_ERROR,TK_ERROR,TK_ERROR,TK_ERROR,TK_ERROR,TK_ERROR,TK_ERROR,TK_ERROR,TK_ERROR,TK_ERROR,TK_ERROR,TK_ERROR,TK_ERROR,TK_ERROR,TK_ERROR,TK_ERROR,TK_ERROR,TK_ERROR,TK_ERROR,TK_ERROR,TK_ERROR,TK_ERROR,TK_ERROR,TK_ERROR,TK_ERROR,TK_ERROR,TK_ERROR,TK_ERROR,TK_ERROR,TK_ERROR,TK_ERROR,TK_ERROR,TK_ERROR
<fieldType>,TK_ERROR,TK_ERROR,TK_ERROR,TK_ERROR,TK_ERROR,TK_ERROR,TK_ERROR,TK_ERROR,TK_ERROR,TK_ERROR,TK_ERROR,TK_ERROR,<fieldType> -> <primitiveDatatype> ,<fieldType> -> <primitiveDatatype> ,TK_ERROR,<fieldType> -> TK_RUID ,TK_ERROR,TK_ERROR,TK_ERROR,TK_ERROR,TK_ERROR,TK_SYN,TK_ERROR,TK_ERROR,TK_ERROR,TK_ERROR,TK_ERROR,TK_ERROR,TK_ERROR,TK_ERROR,TK_ERROR,TK_ERROR,TK_ERROR,TK_ERROR,TK_ERROR,TK_ERROR,TK_ERROR,TK_ERROR,TK_ERROR,TK_ERROR,TK_ERROR,TK_ERROR,TK_ERROR,TK_ERROR,TK_ERROR,TK_ERROR,TK_ERROR,TK_ERROR,TK_ERROR,TK_ERROR,TK_ERROR,TK_ERROR,TK_ERROR,TK_ERROR,TK_ERROR,TK_ERROR,TK_ERROR
<declaration>,TK_ERROR,TK_ERROR,TK_ERROR,TK_ERROR,TK_ERROR,TK_ERROR,TK_ERROR,TK_ERROR,TK_SYN,TK_ERROR,TK_ERROR,TK_SYN,TK_ERROR,TK_ERROR,TK_ERROR,TK_ERROR,TK_ERROR,TK_ERROR,TK_ERROR,TK_ERROR,<declaration> -> TK_TYPE <dataType> TK_COLON TK_ID <global_or_not> TK_SEM ,TK_ERROR,TK_ERROR,TK_ERROR,TK_ERROR,TK_ERROR,TK_SYN,TK_ERROR,TK_ERROR,TK_SYN,TK_ERROR,TK_ERROR,TK_ERROR,TK_SYN,TK_ERROR,TK_ERROR,TK_ERROR,TK_SYN,TK_SYN,TK_ERROR,TK_ERROR,TK_ERROR,TK_ERROR,TK_ERROR,TK_ERROR,TK_ERROR,TK_ERROR,TK_ERROR,TK_ERROR,TK_ERROR,TK_ERROR,TK_ERROR,TK_ERROR,TK_ERROR,TK_SYN,TK_ERROR,TK_ERROR
<global_or_not>,TK_ERROR,TK_ERROR,TK_ERROR,TK_ERROR,<global_or_not> -> epsilon ,TK_ERROR,TK_ERROR,TK_ERROR,TK_ERROR,TK_ERROR,TK_ERROR,TK_ERROR,TK_ERROR,TK_ERROR,TK_ERROR,TK_ERROR,TK_ERROR,TK_ERROR,TK_ERROR,TK_ERROR,TK_ERROR,<global_or_not> -> TK_COLON TK_GLOBAL ,TK_ERROR,TK_ERROR,TK_ERROR,TK_ERROR,TK_ERROR,TK_ERROR,TK_ERROR,TK_ERROR,TK_ERROR,TK_ERROR,TK_ERROR,TK_ERROR,TK_ERROR,TK_ERROR,TK_ERROR,TK_ERROR,TK_ERROR,TK_ERROR,TK_ERROR,TK_ERROR,TK_ERROR,TK_ERROR,TK_ERROR,TK_ERROR,TK_ERROR,TK_ERROR,TK_ERROR,TK_ERROR,TK_ERROR,TK_ERROR,TK_ERROR,TK_ERROR,TK_ERROR,TK_ERROR,TK_ERROR
<stmt>,TK_ERROR,TK_ERROR,TK_ERROR,TK_ERROR,TK_ERROR,TK_ERROR,TK_ERROR,TK_ERROR,<stmt> -> <funCallStmt> ,TK_ERROR,TK_ERROR,<stmt> -> <assignmentStmt> ,TK_ERROR,TK_ERROR,TK_ERROR,TK_ERROR,TK_ERROR,TK_ERROR,TK_ERROR,TK_ERROR,TK_ERROR,TK_ERROR,TK_ERROR,TK_ERROR,TK_ERROR,TK_ERROR,<stmt> -> <funCallStmt> ,TK_ERROR,TK_ERROR,<stmt> -> <iterativeStmt> ,TK_ERROR,TK_ERROR,TK_SYN,<stmt> -> <conditionalStmt> ,TK_ERROR,TK_SYN,TK_SYN,<stmt> -> <ioStmt> ,<stmt> -> <ioStmt> ,TK_ERROR,TK_ERROR,TK_ERROR,TK_ERROR,TK_ERROR,TK_ERROR,TK_ERROR,TK_ERROR,TK_ERROR,TK_ERROR,TK_ERROR,TK_ERROR,TK_ERROR,TK_ERROR,TK_ERROR,TK_SYN,TK_ERROR,TK_ERROR
<assignmentStmt>,TK_ERROR,TK_ERROR,TK_ERROR,TK_ERROR,TK_ERROR,TK_ERROR,TK_ERROR,TK_ERROR,TK_SYN,TK_ERROR,TK_ERROR,<assignmentStmt> -> <singleOrRecId> TK_ASSIGNOP <arithmeticExpression> TK_SEM ,TK_ERROR,TK_ERROR,TK_ERROR,TK_ERROR,TK_ERROR,TK_ERROR,TK_ERROR,TK_ERROR,TK_ERROR,TK_ERROR,TK_ERROR,TK_ERROR,TK_ERROR,TK_ERROR,TK_SYN,TK_ERROR,TK_ERROR,TK_SYN,TK_ERROR,TK_ERROR,TK_SYN,TK_SYN,TK_ERROR,TK_SYN,TK_SYN,TK_SYN,TK_SYN,TK_ERROR,TK_ERROR,TK_ERROR,TK_ERROR,TK_ERROR,TK_ERROR,TK_ERROR,TK_ERROR,TK_ERROR,TK_ERROR,TK_ERROR,TK_ERROR,TK_ERROR,TK_ERROR,TK_ERROR,TK_SYN,TK_ERROR,TK_ERROR
<iterativeStmt>,TK_ERROR,TK_ERROR,TK_ERROR,TK_ERROR,TK_ERROR,TK_ERROR,TK_ERROR,TK_ERROR,TK_SYN,TK_ERROR,TK_ERROR,TK_SYN,TK_ERROR,TK_ERROR,TK_ERROR,TK_ERROR,TK_ERROR,TK_ERROR,TK_ERROR,TK_ERROR,TK_ERROR,TK_ERROR,TK_ERROR,TK_ERROR,TK_ERROR,TK_ERROR,TK_SYN,TK_ERROR,TK_ERROR,<iterativeStmt> -> TK_WHILE TK_OP <booleanExpression> TK_CL <stmt> <otherStmts> TK_ENDWHILE ,TK_ERROR,TK_ERROR,TK_SYN,TK_SYN,TK_ERROR,TK_SYN,TK_SYN,TK_SYN,TK_SYN,TK_ERROR,TK_ERROR,TK_ERROR,TK_ERROR,TK_ERROR,TK_ERROR,TK_ERROR,TK_ERROR,TK_ERROR,TK_ERROR,TK_ERROR,TK_ERROR,TK_ERROR,TK_ERROR,TK_ERROR,TK_SYN,TK_ERROR,TK_ERROR
<conditionalStmt>,TK_ERROR,TK_ERROR,TK_ERROR,TK_ERROR,TK_ERROR,TK_ERROR,TK_ERROR,TK_ERROR,TK_SYN,TK_ERROR,TK_ERROR,TK_SYN,TK_ERROR,TK_ERROR,TK_ERROR,TK_ERROR,TK_ERROR,TK_ERROR,TK_ERROR,TK_ERROR,TK_ERROR,TK_ERROR,TK_ERROR,TK_ERROR,TK_ERROR,TK_ERROR,TK_SYN,TK_ERROR,TK_ERROR,TK_SYN,TK_ERROR,TK_ERROR,TK_SYN,<conditionalStmt> -> TK_IF TK_OP <booleanExpression> TK_CL TK_THEN <stmt> <otherStmts> <elsePart> ,TK_ERROR,TK_SYN,TK_SYN,TK_SYN,TK_SYN,TK_ERROR,TK_ERROR,TK_ERROR,TK_ERROR,TK_ERROR,TK_ERROR,TK_ERROR,TK_ERROR,TK_ERROR,TK_ERROR,TK_ERROR,TK_ERROR,TK_ERROR,TK_ERROR,TK_ERROR,TK_SYN,TK_ERROR,TK_ERROR
<ioStmt>,TK_ERROR,TK_ERROR,TK_ERROR,TK_ERROR,TK_ERROR,TK_ERROR,TK_ERROR,TK_ERROR,TK_SYN,TK_ERROR,TK_ERROR,TK_SYN,TK_ERROR,TK_ERROR,TK_ERROR,TK_ERROR,TK_ERROR,TK_ERROR,TK_ERROR,TK_ERROR,TK_ERROR,TK_ERROR,TK_ERROR,TK_ERROR,TK_ERROR,TK_ERROR,TK_SYN,TK_ERROR,TK_ERROR,TK_SYN,TK_ERROR,TK_ERROR,TK_SYN,TK_SYN,TK_ERROR,TK_SYN,TK_SYN,<ioStmt> -> TK_READ TK_OP <var> TK_CL TK_SEM ,<ioStmt> -> TK_WRITE TK_OP <var> TK_CL TK_SEM ,TK_ERROR,TK_ERROR,TK_ERROR,TK_ERROR,TK_ERROR,TK_ERROR,TK_ERROR,TK_ERROR,TK_ERROR,TK_ERROR,TK_ERROR,TK_ERROR,TK_ERROR,TK_ERROR,TK_ERROR,TK_SYN,TK_ERROR,TK_ERROR
<funCallStmt>,TK_ERROR,TK_ERROR,TK_ERROR,TK_ERROR,TK_ERROR,TK_ERROR,TK_ERROR,TK_ERROR,<funCallStmt> -> <outputParameters> TK_CALL TK_FUNID TK_WITH TK_PARAMETERS <inputParameters> TK_SEM ,TK_ERROR,TK_ERROR,TK_SYN,TK_ERROR,TK_ERROR,TK_ERROR,TK_ERROR,TK_ERROR,TK_ERROR,TK_ERROR,TK_ERROR,TK_ERROR,TK_ERROR,TK_ERROR,TK_ERROR,TK_ERROR,TK_ERROR,<funCallStmt> -> <outputParameters> TK_CALL TK_FUNID TK_WITH TK_PARAMETERS <inputParameters> TK_SEM ,TK_ERROR,TK_ERROR,TK_SYN,TK_ERROR,TK_ERROR,TK_SYN,TK_SYN,TK_ERROR,TK_SYN,TK_SYN,TK_SYN,TK_SYN,TK_ERROR,TK_ERROR,TK_ERROR,TK_ERROR,TK_ERROR,TK_ERROR,TK_ERROR,TK_ERROR,TK_ERROR,TK_ERROR,TK_ERROR,TK_ERROR,TK_ERROR,TK_ERROR,TK_ERROR,TK_SYN,TK_ERROR,TK_ERROR
<singleOrRecId>,TK_ERROR,TK_ERROR,TK_ERROR,TK_ERROR,TK_SYN,TK_ERROR,TK_ERROR,TK_ERROR,TK_ERROR,TK_ERROR,TK_ERROR,<singleOrRecId> -> TK_ID <option_single_constructed> ,TK_ERROR,TK_ERROR,TK_ERROR,TK_ERROR,TK_ERROR,TK_ERROR,TK_ERROR,TK_ERROR,TK_ERROR,TK_ERROR,TK_ERROR,TK_ERROR,TK_SYN,TK_ERROR,TK_ERROR,TK_ERROR,TK_ERROR,TK_ERROR,TK_ERROR,TK_SYN,TK_ERROR,TK_ERROR,TK_ERROR,TK_ERROR,TK_ERROR,TK_ERROR,TK_ERROR,TK_SYN,TK_SYN,TK_SYN,TK_SYN,TK_ERROR,TK_ERROR,TK_ERROR,TK_ERROR,TK_ERROR,TK_SYN,TK_SYN,TK_SYN,TK_SYN,TK_SYN,TK_SYN,TK_ERROR,TK_ERROR,TK_ERROR
<arithmeticExpression>,TK_ERROR,TK_ERROR,TK_ERROR,TK_ERROR,TK_SYN,TK_ERROR,TK_ERROR,TK_ERROR,TK_ERROR,TK_ERROR,TK_ERROR,<arithmeticExpression> -> <term> <expPrime> ,TK_ERROR,TK_ERROR,TK_ERROR,TK_ERROR,TK_ERROR,TK_ERROR,TK_ERROR,TK_ERROR,TK_ERROR,TK_ERROR,TK_ERROR,TK_ERROR,TK_ERROR,TK_ERROR,TK_ERROR,TK_ERROR,TK_ERROR,TK_ERROR,<arithmeticExpression> -> <term> <expPrime> ,TK_SYN,TK_ERROR,TK_ERROR,TK_ERROR,TK_ERROR,TK_ERROR,TK_ERROR,TK_ERROR,TK_ERROR,TK_ERROR,TK_ERROR,TK_ERROR,TK_ERROR,<arithmeticExpression> -> <term> <expPrime> ,<arithmeticExpression> -> <term> <expPrime> ,TK_ERROR,TK_ERROR,TK_ERROR,TK_ERROR,TK_ERROR,TK_ERROR,TK_ERROR,TK_ERROR,TK_ERROR,TK_ERROR,TK_ERROR
<option_single_constructed>,TK_ERROR,TK_ERROR,TK_ERROR,TK_ERROR,<option_single_constructed> -> epsilon ,TK_ERROR,TK_ERROR,TK_ERROR,TK_ERROR,TK_ERROR,TK_ERROR,TK_ERROR,TK_ERROR,TK_ERROR,TK_ERROR,TK_ERROR,TK_ERROR,TK_ERROR,TK_ERROR,TK_ERROR,TK_ERROR,TK_ERROR,TK_ERROR,TK_ERROR,<option_single_constructed> -> epsilon ,<option_single_constructed> -> <oneExpansion> <moreExpansions> ,TK_ERROR,TK_ERROR,TK_ERROR,TK_ERROR,TK_ERROR,<option_single_constructed> -> epsilon ,TK_ERROR,TK_ERROR,TK_ERROR,TK_ERROR,TK_ERROR,TK_ERROR,TK_ERROR,<option_single_constructed> -> epsilon ,<option_single_constructed> -> epsilon ,<option_single_constructed> -> epsilon ,<option_single_constructed> -> epsilon ,TK_ERROR,TK_ERROR,TK_ERROR,TK_ERROR,TK_ERROR,<option_single_constructed> -> epsilon ,<option_single_constructed> -> epsilon ,<option_single_constructed> -> epsilon ,<option_single_constructed> -> epsilon ,<option_single_constructed> -> epsilon ,<option_single_constructed> -> epsilon ,TK_ERROR,TK_ERROR,TK_ERROR
<oneExpansion>,TK_ERROR,TK_ERROR,TK_ERROR,TK_ERROR,TK_SYN,TK_ERROR,TK_ERROR,TK_ERROR,TK_ERROR,TK_ERROR,TK_ERROR,TK_ERROR,TK_ERROR,TK_ERROR,TK_ERROR,TK_ERROR,TK_ERROR,TK_ERROR,TK_ERROR,TK_ERROR,TK_ERROR,TK_ERROR,TK_ERROR,TK_ERROR,TK_SYN,<oneExpansion> -> TK_DOT TK_FIELDID ,TK_ERROR,TK_ERROR,TK_ERROR,TK_ERROR,TK_ERROR,TK_SYN,TK_ERROR,TK_ERROR,TK_ERROR,TK_ERROR,TK_ERROR,TK_ERROR,TK_ERROR,TK_SYN,TK_SYN,TK_SYN,TK_SYN,TK_ERROR,TK_ERROR,TK_ERROR,TK_ERROR,TK_ERROR,TK_SYN,TK_SYN,TK_SYN,TK_SYN,TK_SYN,TK_SYN,TK_ERROR,TK_ERROR,TK_ERROR
<moreExpansions>,TK_ERROR,TK_ERROR,TK_ERROR,TK_ERROR,<moreExpansions> -> epsilon ,TK_ERROR,TK_ERROR,TK_ERROR,TK_ERROR,TK_ERROR,TK_ERROR,TK_ERROR,TK_ERROR,TK_ERROR,TK_ERROR,TK_ERROR,TK_ERROR,TK_ERROR,TK_ERROR,TK_ERROR,TK_ERROR,TK_ERROR,TK_ERROR,TK_ERROR,<moreExpansions> -> epsilon ,<moreExpansions> -> <oneExpansion> <moreExpansions> ,TK_ERROR,TK_ERROR,TK_ERROR,TK_ERROR,TK_ERROR,<moreExpansions> -> epsilon ,TK_ERROR,TK_ERROR,TK_ERROR,TK_ERROR,TK_ERROR,TK_ERROR,TK_ERROR,<moreExpansions> -> epsilon ,<moreExpansions> -> epsilon ,<moreExpansions> -> epsilon ,<moreExpansions> -> epsilon ,TK_ERROR,TK_ERROR,TK_ERROR,TK_ERROR,TK_ERROR,<moreExpansions> -> epsilon ,<moreExpansions> -> epsilon ,<moreExpansions> -> epsilon ,<moreExpansions> -> epsilon ,<moreExpansions> -> epsilon ,<moreExpansions> -> epsilon ,TK_ERROR,TK_ERROR,TK_ERROR
<outputParameters>,TK_ERROR,TK_ERROR,TK_ERROR,TK_ERROR,TK_ERROR,TK_ERROR,TK_ERROR,TK_ERROR,<outputParameters> -> TK_SQL <idList> TK_SQR TK_ASSIGNOP ,TK_ERROR,TK_ERROR,TK_ERROR,TK_ERROR,TK_ERROR,TK_ERROR,TK_ERROR,TK_ERROR,TK_ERROR,TK_ERROR,TK_ERROR,TK_ERROR,TK_ERROR,TK_ERROR,TK_ERROR,TK_ERROR,TK_ERROR,<outputParameters> -> epsilon ,TK_ERROR,TK_ERROR,TK_ERROR,TK_ERROR,TK_ERROR,TK_ERROR,TK_ERROR,TK_ERROR,TK_ERROR,TK_ERROR,TK_ERROR,TK_ERROR,TK_ERROR,TK_ERROR,TK_ERROR,TK_ERROR,TK_ERROR,TK_ERROR,TK_ERROR,TK_ERROR,TK_ERROR,TK_ERROR,TK_ERROR,TK_ERROR,TK_ERROR,TK_ERROR,TK_ERROR,TK_ERROR,TK_ERROR,TK_ERROR
<inputParameters>,TK_ERROR,TK_ERROR,TK_ERROR,TK_ERROR,TK_SYN,TK_ERROR,TK_ERROR,TK_ERROR,<inputParameters> -> TK_SQL <idList> TK_SQR ,TK_ERROR,TK_ERROR,TK_ERROR,TK_ERROR,TK_ERROR,TK_ERROR,TK_ERROR,TK_ERROR,TK_ERROR,TK_ERROR,TK_ERROR,TK_ERROR,TK_ERROR,TK_ERROR,TK_ERROR,TK_ERROR,TK_ERROR,TK_ERROR,TK_ERROR,TK_ERROR,TK_ERROR,TK_ERROR,TK_ERROR,TK_ERROR,TK_ERROR,TK_ERROR,TK_ERROR,TK_ERROR,TK_ERROR,TK_ERROR,TK_ERROR,TK_ERROR,TK_ERROR,TK_ERROR,TK_ERROR,TK_ERROR,TK_ERROR,TK_ERROR,TK_ERROR,TK_ERROR,TK_ERROR,TK_ERROR,TK_ERROR,TK_ERROR,TK_ERROR,TK_ERROR,TK_ERROR,TK_ERROR
<idList>,TK_ERROR,TK_ERROR,TK_ERROR,TK_ERROR,TK_ERROR,TK_ERROR,TK_ERROR,TK_ERROR,TK_ERROR,TK_SYN,TK_ERROR,<idList> -> TK_ID <more_ids> ,TK_ERROR,TK_ERROR,TK_ERROR,TK_ERROR,TK_ERROR,TK_ERROR,TK_ERROR,TK_ERROR,TK_ERROR,TK_ERROR,TK_ERROR,TK_ERROR,TK_ERROR,TK_ERROR,TK_ERROR,TK_ERROR,TK_ERROR,TK_ERROR,TK_ERROR,TK_ERROR,TK_ERROR,TK_ERROR,TK_ERROR,TK_ERROR,TK_ERROR,TK_ERROR,TK_ERROR,TK_ERROR,TK_ERROR,TK_ERROR,TK_ERROR,TK_ERROR,<idList> -> TK_NUM <more_ids> ,<idList> -> TK_RNUM <more_ids> ,TK_ERROR,TK_ERROR,TK_ERROR,TK_ERROR,TK_ERROR,TK_ERROR,TK_ERROR,TK_ERROR,TK_ERROR,TK_ERROR,TK_ERROR
<booleanExpression>,TK_ERROR,TK_ERROR,TK_ERROR,TK_ERROR,TK_ERROR,TK_ERROR,TK_ERROR,TK_ERROR,TK_ERROR,TK_ERROR,TK_ERROR,<booleanExpression> -> <var> <relationalOp> <var> ,TK_ERROR,TK_ERROR,TK_ERROR,TK_ERROR,TK_ERROR,TK_ERROR,TK_ERROR,TK_ERROR,TK_ERROR,TK_ERROR,TK_ERROR,TK_ERROR,TK_ERROR,TK_ERROR,TK_ERROR,TK_ERROR,TK_ERROR,TK_ERROR,<booleanExpression> -> TK_OP <booleanExpression> TK_CL <logicalOp> TK_OP <booleanExpression> TK_CL ,TK_SYN,TK_ERROR,TK_ERROR,TK_ERROR,TK_ERROR,TK_ERROR,TK_ERROR,TK_ERROR,TK_ERROR,TK_ERROR,TK_ERROR,TK_ERROR,<booleanExpression> -> TK_NOT TK_OP <booleanExpression> TK_CL ,<booleanExpression> -> <var> <relationalOp> <var> ,<booleanExpression> -> <var> <relationalOp> <var> ,TK_ERROR,TK_ERROR,TK_ERROR,TK_ERROR,TK_ERROR,TK_ERROR,TK_ERROR,TK_ERROR,TK_ERROR,TK_ERROR,TK_ERROR
<elsePart>,TK_ERROR,TK_ERROR,TK_ERROR,TK_ERROR,TK_ERROR,TK_ERROR,TK_ERROR,TK_ERROR,TK_SYN,TK_ERROR,TK_ERROR,TK_SYN,TK_ERROR,TK_ERROR,TK_ERROR,TK_ERROR,TK_ERROR,TK_ERROR,TK_ERROR,TK_ERROR,TK_ERROR,TK_ERROR,TK_ERROR,TK_ERROR,TK_ERROR,TK_ERROR,TK_SYN,TK_ERROR,TK_ERROR,TK_SYN,TK_ERROR,TK_ERROR,TK_SYN,TK_SYN,TK_ERROR,<elsePart> -> TK_ELSE <stmt> <otherStmts> TK_ENDIF ,<elsePart> -> TK_ENDIF ,TK_SYN,TK_SYN,TK_ERROR,TK_ERROR,TK_ERROR,TK_ERROR,TK_ERROR,TK_ERROR,TK_ERROR,TK_ERROR,TK_ERROR,TK_ERROR,TK_ERROR,TK_ERROR,TK_ERROR,TK_ERROR,TK_ERROR,TK_SYN,TK_ERROR,TK_ERROR
<var>,TK_ERROR,TK_ERROR,TK_ERROR,TK_ERROR,TK_SYN,TK_ERROR,TK_ERROR,TK_ERROR,TK_ERROR,TK_ERROR,TK_ERROR,<var> -> <singleOrRecId> ,TK_ERROR,TK_ERROR,TK_ERROR,TK_ERROR,TK_ERROR,TK_ERROR,TK_ERROR,TK_ERROR,TK_ERROR,TK_ERROR,TK_ERROR,TK_ERROR,TK_ERROR,TK_ERROR,TK_ERROR,TK_ERROR,TK_ERROR,TK_ERROR,TK_ERROR,TK_SYN,TK_ERROR,TK_ERROR,TK_ERROR,TK_ERROR,TK_ERROR,TK_ERROR,TK_ERROR,TK_SYN,TK_SYN,TK_SYN,TK_SYN,TK_ERROR,<var> -> TK_NUM ,<var> -> TK_RNUM ,TK_ERROR,TK_ERROR,TK_SYN,TK_SYN,TK_SYN,TK_SYN,TK_SYN,TK_SYN,TK_ERROR,TK_ERROR,TK_ERROR
<term>,TK_ERROR,TK_ERROR,TK_ERROR,TK_ERROR,TK_SYN,TK_ERROR,TK_ERROR,TK_ERROR,TK_ERROR,TK_ERROR,TK_ERROR,<term> -> <factor> <termPrime> ,TK_ERROR,TK_ERROR,TK_ERROR,TK_ERROR,TK_ERROR,TK_ERROR,TK_ERROR,TK_ERROR,TK_ERROR,TK_ERROR,TK_ERROR,TK_ERROR,TK_ERROR,TK_ERROR,TK_ERROR,TK_ERROR,TK_ERROR,TK_ERROR,<term> -> <factor> <termPrime> ,TK_SYN,TK_ERROR,TK_ERROR,TK_ERROR,TK_ERROR,TK_ERROR,TK_ERROR,TK_ERROR,TK_ERROR,TK_ERROR,TK_SYN,TK_SYN,TK_ERROR,<term> -> <factor> <termPrime> ,<term> -> <factor> <termPrime> ,TK_ERROR,TK_ERROR,TK_ERROR,TK_ERROR,TK_ERROR,TK_ERROR,TK_ERROR,TK_ERROR,TK_ERROR,TK_ERROR,TK_ERROR
<expPrime>,TK_ERROR,TK_ERROR,TK_ERROR,TK_ERROR,<expPrime> -> epsilon ,TK_ERROR,TK_ERROR,TK_ERROR,TK_ERROR,TK_ERROR,TK_ERROR,TK_ERROR,TK_ERROR,TK_ERROR,TK_ERROR,TK_ERROR,TK_ERROR,TK_ERROR,TK_ERROR,TK_ERROR,TK_ERROR,TK_ERROR,TK_ERROR,TK_ERROR,TK_ERROR,TK_ERROR,TK_ERROR,TK_ERROR,TK_ERROR,TK_ERROR,TK_ERROR,<expPrime> -> epsilon ,TK_ERROR,TK_ERROR,TK_ERROR,TK_ERROR,TK_ERROR,TK_ERROR,TK_ERROR,TK_ERROR,TK_ERROR,<expPrime> -> <lowPrecedenceOperators> <term> <expPrime> ,<expPrime> -> <lowPrecedenceOperators> <term> <expPrime> ,TK_ERROR,TK_ERROR,TK_ERROR,TK_ERROR,TK_ERROR,TK_ERROR,TK_ERROR,TK_ERROR,TK_ERROR,TK_ERROR,TK_ERROR,TK_ERROR,TK_ERROR,TK_ERROR
<lowPrecedenceOperators>,TK_ERROR,TK_ERROR,TK_ERROR,TK_ERROR,TK_ERROR,TK_ERROR,TK_ERROR,TK_ERROR,TK_ERROR,TK_ERROR,TK_ERROR,TK_SYN,TK_ERROR,TK_ERROR,TK_ERROR,TK_ERROR,TK_ERROR,TK_ERROR,TK_ERROR,TK_ERROR,TK_ERROR,TK_ERROR,TK_ERROR,TK_ERROR,TK_ERROR,TK_ERROR,TK_ERROR,TK_ERROR,TK_ERROR,TK_ERROR,TK_SYN,TK_ERROR,TK_ERROR,TK_ERROR,TK_ERROR,TK_ERROR,TK_ERROR,TK_ERROR,TK_ERROR,TK_ERROR,TK_ERROR,<lowPrecedenceOperators> -> TK_PLUS ,<lowPrecedenceOperators> -> TK_MINUS ,TK_ERROR,TK_SYN,TK_SYN,TK_ERROR,TK_ERROR,TK_ERROR,TK_ERROR,TK_ERROR,TK_ERROR,TK_ERROR,TK_ERROR,TK_ERROR,TK_ERROR,TK_ERROR
<factor>,TK_ERROR,TK_ERROR,TK_ERROR,TK_ERROR,TK_SYN,TK_ERROR,TK_ERROR,TK_ERROR,TK_ERROR,TK_ERROR,TK_ERROR,<factor> -> <var> ,TK_ERROR,TK_ERROR,TK_ERROR,TK_ERROR,TK_ERROR,TK_ERROR,TK_ERROR,TK_ERROR,TK_ERROR,TK_ERROR,TK_ERROR,TK_ERROR,TK_ERROR,TK_ERROR,TK_ERROR,TK_ERROR,TK_ERROR,TK_ERROR,<factor> -> TK_OP <arithmeticExpression> TK_CL ,TK_SYN,TK_ERROR,TK_ERROR,TK_ERROR,TK_ERROR,TK_ERROR,TK_ERROR,TK_ERROR,TK_SYN,TK_SYN,TK_SYN,TK_SYN,TK_ERROR,<factor> -> <var> ,<factor> -> <var> ,TK_ERROR,TK_ERROR,TK_ERROR,TK_ERROR,TK_ERROR,TK_ERROR,TK_ERROR,TK_ERROR,TK_ERROR,TK_ERROR,TK_ERROR
<termPrime>,TK_ERROR,TK_ERROR,TK_ERROR,TK_ERROR,<termPrime> -> epsilon ,TK_ERROR,TK_ERROR,TK_ERROR,TK_ERROR,TK_ERROR,TK_ERROR,TK_ERROR,TK_ERROR,TK_ERROR,TK_ERROR,TK_ERROR,TK_ERROR,TK_ERROR,TK_ERROR,TK_ERROR,TK_ERROR,TK_ERROR,TK_ERROR,TK_ERROR,TK_ERROR,TK_ERROR,TK_ERROR,TK_ERROR,TK_ERROR,TK_ERROR,TK_ERROR,<termPrime> -> epsilon ,TK_ERROR,TK_ERROR,TK_ERROR,TK_ERROR,TK_ERROR,TK_ERROR,TK_ERROR,<termPrime> -> <highPrecedenceOperators> <factor> <termPrime> ,<termPrime> -> <highPrecedenceOperators> <factor> <termPrime> ,<termPrime> -> epsilon ,<termPrime> -> epsilon ,TK_ERROR,TK_ERROR,TK_ERROR,TK_ERROR,TK_ERROR,TK_ERROR,TK_ERROR,TK_ERROR,TK_ERROR,TK_ERROR,TK_ERROR,TK_ERROR,TK_ERROR,TK_ERROR
<highPrecedenceOperators>,TK_ERROR,TK_ERROR,TK_ERROR,TK_ERROR,TK_ERROR,TK_ERROR,TK_ERROR,TK_ERROR,TK_ERROR,TK_ERROR,TK_ERROR,TK_SYN,TK_ERROR,TK_ERROR,TK_ERROR,TK_ERROR,TK_ERROR,TK_ERROR,TK_ERROR,TK_ERROR,TK_ERROR,TK_ERROR,TK_ERROR,TK_ERROR,TK_ERROR,TK_ERROR,TK_ERROR,TK_ERROR,TK_ERROR,TK_ERROR,TK_SYN,TK_ERROR,TK_ERROR,TK_ERROR,TK_ERROR,TK_ERROR,TK_ERROR,TK_ERROR,TK_ERROR,<highPrecedenceOperators> -> TK_MUL ,<highPrecedenceOperators> -> TK_DIV ,TK_ERROR,TK_ERROR,TK_ERROR,TK_SYN,TK_SYN,TK_ERROR,TK_ERROR,TK_ERROR,TK_ERROR,TK_ERROR,TK_ERROR,TK_ERROR,TK_ERROR,TK_ERROR,TK_ERROR,TK_ERROR
<logicalOp>,TK_ERROR,TK_ERROR,TK_ERROR,TK_ERROR,TK_ERROR,TK_ERROR,TK_ERROR,TK_ERROR,TK_ERROR,TK_ERROR,TK_ERROR,TK_ERROR,TK_ERROR,TK_ERROR,TK_ERROR,TK_ERROR,TK_ERROR,TK_ERROR,TK_ERROR,TK_ERROR,TK_ERROR,TK_ERROR,TK_ERROR,TK_ERROR,TK_ERROR,TK_ERROR,TK_ERROR,TK_ERROR,TK_ERROR,TK_ERROR,TK_SYN,TK_ERROR,TK_ERROR,TK_ERROR,TK_ERROR,TK_ERROR,TK_ERROR,TK_ERROR,TK_ERROR,TK_ERROR,TK_ERROR,TK_ERROR,TK_ERROR,TK_ERROR,TK_ERROR,TK_ERROR,<logicalOp> -> TK_AND ,<logicalOp> -> TK_OR ,TK_ERROR,TK_ERROR,TK_ERROR,TK_ERROR,TK_ERROR,TK_ERROR,TK_ERROR,TK_ERROR,TK_ERROR
<relationalOp>,TK_ERROR,TK_ERROR,TK_ERROR,TK_ERROR,TK_ERROR,TK_ERROR,TK_ERROR,TK_ERROR,TK_ERROR,TK_ERROR,TK_ERROR,TK_SYN,TK_ERROR,TK_ERROR,TK_ERROR,TK_ERROR,TK_ERROR,TK_ERROR,TK_ERROR,TK_ERROR,TK_ERROR,TK_ERROR,TK_ERROR,TK_ERROR,TK_ERROR,TK_ERROR,TK_ERROR,TK_ERROR,TK_ERROR,TK_ERROR,TK_ERROR,TK_ERROR,TK_ERROR,TK_ERROR,TK_ERROR,TK_ERROR,TK_ERROR,TK_ERROR,TK_ERROR,TK_ERROR,TK_ERROR,TK_ERROR,TK_ERROR,TK_ERROR,TK_SYN,TK_SYN,TK_ERROR,TK_ERROR,<relationalOp> -> TK_LT ,<relationalOp> -> TK_LE ,<relationalOp> -> TK_EQ ,<relationalOp> -> TK_GT ,<relationalOp> -> TK_GE ,<relationalOp> -> TK_NE ,TK_ERROR,TK_ERROR,TK_ERROR
<optionalReturn>,TK_ERROR,TK_ERROR,TK_ERROR,TK_ERROR,<optionalReturn> -> epsilon ,TK_ERROR,TK_ERROR,TK_ERROR,<optionalReturn> -> TK_SQL <idList> TK_SQR ,TK_ERROR,TK_ERROR,TK_ERROR,TK_ERROR,TK_ERROR,TK_ERROR,TK_ERROR,TK_ERROR,TK_ERROR,TK_ERROR,TK_ERROR,TK_ERROR,TK_ERROR,TK_ERROR,TK_ERROR,TK_ERROR,TK_ERROR,TK_ERROR,TK_ERROR,TK_ERROR,TK_ERROR,TK_ERROR,TK_ERROR,TK_ERROR,TK_ERROR,TK_ERROR,TK_ERROR,TK_ERROR,TK_ERROR,TK_ERROR,TK_ERROR,TK_ERROR,TK_ERROR,TK_ERROR,TK_ERROR,TK_ERROR,TK_ERROR,TK_ERROR,TK_ERROR,TK_ERROR,TK_ERROR,TK_ERROR,TK_ERROR,TK_ERROR,TK_ERROR,TK_ERROR,TK_ERROR,TK_ERROR
<more_ids>,TK_ERROR,TK_ERROR,TK_ERROR,TK_ERROR,TK_ERROR,TK_ERROR,TK_ERROR,TK_ERROR,TK_ERROR,<more_ids> -> epsilon ,TK_ERROR,TK_ERROR,TK_ERROR,TK_ERROR,TK_ERROR,TK_ERROR,TK_ERROR,<more_ids> -> TK_COMMA <idList> ,TK_ERROR,TK_ERROR,TK_ERROR,TK_ERROR,TK_ERROR,TK_ERROR,TK_ERROR,TK_ERROR,TK_ERROR,TK_ERROR,TK_ERROR,TK_ERROR,TK_ERROR,TK_ERROR,TK_ERROR,TK_ERROR,TK_ERROR,TK_ERROR,TK_ERROR,TK_ERROR,TK_ERROR,TK_ERROR,TK_ERROR,TK_ERROR,TK_ERROR,TK_ERROR,TK_ERROR,TK_ERROR,TK_ERROR,TK_ERROR,TK_ERROR,TK_ERROR,TK_ERROR,TK_ERROR,TK_ERROR,TK_ERROR,TK_ERROR,TK_ERROR,TK_ERROR
<A>,TK_ERROR,TK_ERROR,TK_ERROR,TK_ERROR,TK_ERROR,TK_ERROR,TK_ERROR,TK_ERROR,TK_ERROR,TK_ERROR,TK_ERROR,TK_ERROR,TK_ERROR,TK_ERROR,<A> -> TK_RECORD ,TK_SYN,<A> -> TK_UNION ,TK_ERROR,TK_ERROR,TK_ERROR,TK_ERROR,TK_ERROR,TK_ERROR,TK_ERROR,TK_ERROR,TK_ERROR,TK_ERROR,TK_ERROR,TK_ERROR,TK_ERROR,TK_ERROR,TK_ERROR,TK_ERROR,TK_ERROR,TK_ERROR,TK_ERROR,TK_ERROR,TK_ERROR,TK_ERROR,TK_ERROR,TK_ERROR,TK_ERROR,TK_ERROR,TK_ERROR,TK_ERROR,TK_ERROR,TK_ERROR,TK_ERROR,TK_ERROR,TK_ERROR,TK_ERROR,TK_ERROR,TK_ERROR,TK_ERROR,TK_ERROR,TK_ERROR,TK_ERROR
